,mature,immature,rotten,label
0,0.9647239702517163,0.0,0.035276029748283755,mature
1,0.9288428848298488,0.0,0.07115711517015126,mature
2,0.9658353855225278,0.00038153376573826786,0.03416461447747217,mature
3,0.0,0.8286090627171557,0.17139093728284432,immature
4,0.0,0.8776186723908377,0.1223813276091623,immature
5,0.0,0.7513985746034179,0.24860142539658212,immature
6,0.39254627352709276,0.0,0.6074537264729073,rotten
7,0.6606099245563702,0.0,0.3393900754436298,rotten
8,0.8287143253541239,0.0,0.17128567464587605,rotten
